                  epoch,         train/box_loss,         train/cls_loss,         train/dfl_loss,   metrics/precision(B),      metrics/recall(B),       metrics/mAP50(B),    metrics/mAP50-95(B),           val/box_loss,           val/cls_loss,           val/dfl_loss,                 lr/pg0,                 lr/pg1,                 lr/pg2
                      0,                 1.5703,                 1.7541,                 1.0823,                 0.3457,                0.18988,                0.16804,                0.09973,                 1.4146,                 1.0853,                0.99988,               0.070096,              0.0033227,              0.0033227
                      1,                 1.5019,                 1.1555,                 1.0298,                0.39424,                0.23874,                0.22085,                0.13759,                 1.4101,                 1.0278,                 1.0103,               0.038778,              0.0053381,              0.0053381
                      2,                 1.4862,                 1.1017,                 1.0311,                0.38416,                0.26253,                0.24209,                0.14908,                 1.4149,                0.99813,                  1.001,              0.0061401,              0.0060336,              0.0060336
                      3,                 1.4518,                 1.0507,                 1.0151,                 0.4497,                0.28657,                0.26828,                0.16952,                 1.3519,                0.92348,                0.98395,                0.00406,                0.00406,                0.00406
                      4,                 1.4102,                 1.0035,                 1.0002,                0.49478,                0.25979,                0.26362,                0.16449,                 1.3085,                 0.9021,                0.98253,                0.00406,                0.00406,                0.00406
